,Title,Description,Product,Image URL,Product ID,predicted_label,probability
0,7th Gen i5 Lenovo Thinkpad X1 Carbon Laptop (8GB/256GB),"CORE i5 Lenovo Thinkpad Laptop It is in great looking and working condition. Has Windows 10 Pro & Office 2019. Also has Antivirus. Runs very fast! Cleaned/Updated, and ready to use.

Model: Thinkpad X1 Carbon (7th Generation)
Screen: 14""
Has:
Webcam
Wifi
HDMI
Bluetooth
USB/SD Card Slot
8GB RAM
256GB SSD Hard Drive (Solid State)
Intel Core i5-8365U CPU (Fast)
Charger included
Battery Included
$300 Cash",laptops,https://images.craigslist.org/00000_kytbIPSKICf_0bC0fu_600x450.jpg,00000_kytbIPSKICf_0bC0fu,Printers,0.38403017341450635
1,Dell XPS 8910 Intel Core i7 6700 8GB RAM 1TB HDD Win 10 Intel HD 530,"Case has some scatches, cosmetic only. works perfectly.

Dell XPS 8910
Intel Core i7 6700 @ 3.40GHz
8GB RAM
1TB HDD
Win 10 Pro
Intel HD 530 integrated video",laptops,https://images.craigslist.org/00202_dIpxHWfxESV_0hR0CI_600x450.jpg,00202_dIpxHWfxESV_0hR0CI,Laptop & Accessories,0.33022027295700246
2,"HP Compaq Pro 6300 Desktop Workstation w/ SSD, 16GB RAM","A basic desktop computer running a modern operating system for basic, everyday tasks. Comes with a 22"" monitor and a generic mouse and keyboard.

Works well for everyday tasks such as Chrome, YouTube and Zoom. Loaded with a clean copy of Windows 10 Professional. For someone who just needs the basics or who needs a server, this should work great.

Full specs:
- Intel i5-3470 CPU @ 3.2GHz
- 16GB RAM
- 128 GB SSD
- Windows 10 Professional
- Wi-Fi (via USB)",desktop,https://images.craigslist.org/00303_5lylQ8p0sVb_08I0fu_600x450.jpg,00303_5lylQ8p0sVb_08I0fu,Others,0.18217293548122018
3,"BenQ 27"" GL2780 16:9 75Hz FHD LCD Monitor","BenQ GL2780 27"" Eye-Care Stylish 16:9 LCD Monitor

Item Specifics:

Size: 27"" Class
Color: Black
Condition: Used, tested fully functional; small scratch on left side of screen, does not affect picture; no other damage or defect; fully tested. distressed packaging; labels removed from box exterior

Features:

Model: GL2780
Resolution: 1920 x 1080
Refresh Rate: 75Hz
Response Time: 1ms
Connectivity: DisplayPort, HDMI, VGA, DVI
VESA mount compatible
Included: Monitor, Stand, HDMI Cable and Power cable",monitors,https://images.craigslist.org/00303_kXrm10haP2O_084084_600x450.jpg,00303_kXrm10haP2O_084084,Monitors,0.4700805440517003
4,Dell Inspiron 5400 All-in-One PC i7-1165g7 256GB SSD + 1TB HDD W11 New,"Dell Inspiron 5400 24"" Intel Core i7-1165G7 256GB SSD + 1TB HDD TouchScreen All-in-One PC W11 - New

Brand New item, This is fully loaded model with Dedicated GPU and price is Firm.

Item Specifics:
UPC: 884116391883
Manufacturer: Dell
Model: Inspiron 5400 AIO
Condition: Brand New, Open Box; system passed all testing -- distressed packaging; labels removed from box
Features:
CPU Make: Intel
CPU Model: Core i7-1165G7
CPU Configuration: Quad Core
CPU Speed: 2.80GHz
Memory: 16GB - 2 X 8192MB DDR4 / 2666
Storage: (256GB NVMe) (1TB HDD)
Optical Drive: None
Video: Dedicated NVIDIA GeForce MX330 Mobile Graphics
Screen Size: 23.8"" FHD WVA anti-glare Touchscreen (1920 X 1080)
Operating System: Windows 11 Home (64-bit)
Network: Realtek Gigabit Ethernet
Wireless: Intel 802.11ax wireless + Bluetooth
Wireless Keyboard & Mouse
Pop-Up WebCam
RJ-45 Ethernet
1X USB 2.0 w/ Power
3X USB 3.1 Gen1 Type-A (two w/ Power)
1X USB 3.1 Gen2 Type-C
Audio out
HDMI 1.4 Out / HDMI 1.4 In
SD media card reader",desktop,https://images.craigslist.org/00404_eztDG3JpPve_0cu09W_600x450.jpg,00404_eztDG3JpPve_0cu09W,Laptop & Accessories,0.24324229259497215
5,"Samsung 27"" QHD HDR10 IPS Monitor USB-C Hub S6 -16:9 FreeSync New","Samsung S6 Series QHD HDR10 Monitor
Condition: Brand New Open Box, Box opened to check content and take pictures --all included items are shown in photos; distressed packaging; labels cut from box. 3 year Warranty thru 2025 from Samsung.

Model: S6 Series S27A600UUN
27"" In-Plane Switching (IPS)
HDMI + DisplayPort + USB Type-C Inputs
Ethernet Port,
Work as USB-C Hub, Docking Station
2560 x 1440 QHD Resolution @ 75 Hz
1000:1 Static Contrast Ratio
300 cd/mÂ¬â‰¤ Brightness
5 ms Response Time
1.07 Billion Colors with HDR10
DisplayPort Out
AMD FreeSync Support
Picture-in-Picture | Picture-by-Picture
USB C Hub
Rich Graphics
Portrait Mode
Game Mode
Single Cable Connection 90W Laptop Charge

Samsung S27A600UUN 27"" 16:9 FreeSync QHD HDR IPS Monitor lets you do it in comfort and style. This 2560 x 1440 resolution QHD monitor is designed to provide rich, beautiful images with high-dynamic range color support delivering bright highlights and deep shadows for realistic photos, videos, and games. Additionally, AMD FreeSync technology works with the 75 Hz refresh rate to help minimize motion blur, screen tearing, and stuttering from fast-paced games and movies with compatible graphics cards. Connect the S27A600UUN to your devices using either the HDMI and DisplayPort inputs and view content from different sources using either the picture-in-picture or picture-by-picture modes. You can also extend your view for more efficient multitasking and immersive entertainment by daisy chaining multiple monitors together through the DisplayPort out port.

Using the USB Type-C connector allows you to transfer video, audio, data, and up to 90W of power with compatible laptops over a single cable to help reduce desktop clutter while enabling use of the integrated 3-port USB hub and integrated RJ45 Ethernet port. Rotate the screen 90Â¬âˆž to view content in portrait mode and adjust the screen's height, tilt, and swivel to suit your comfort. Flicker-free technology and blue light reducing Eye Saver mode also help to minimize eyestrain when viewing the screen for extended periods of time.",monitors,https://images.craigslist.org/00404_isAjqI0fhLM_0oc0l7_600x450.jpg,00404_isAjqI0fhLM_0oc0l7,Keyboard,0.21122855209476296
6,ASUS Computer,"ASUS VivoMini pc V66-C2
Processor: Intel i5-10400 CPU @ 2.90 GHz
Memory: 32.0 GB
Storage: 256GB SSD + 480GB SSD
2x USB C
6x USB 3
HDMI & DISPLAY ports
SD Card Reader

This sylish pc has a powerful processor, lots of memory and storage. It handles multi projects and plays 4K movies.
You may attach it to the back of your monitor or hide it somewhere on your desk. (3""x6""x7"")

You will agree this pc is cosmetically and electronically in Like New condition.
Please see the images for style and size.
Complete specs in Asus website.
Price in Amazon: $1040",desktop,https://images.craigslist.org/00606_8nakQHhW0YX_0dN09J_600x450.jpg,00606_8nakQHhW0YX_0dN09J,Others,0.1461438845607015
7,ASUS Computer,"ASUS VivoMini pc V66-C2
Processor: Intel i5-10400 CPU @ 2.90 GHz
Memory: 32.0 GB
Storage: 256GB SSD + 480GB SSD
2x USB C
6x USB 3
HDMI & DISPLAY ports
SD Card Reader

This sylish pc has a powerful processor, lots of memory and storage. It handles multi projects and plays 4K movies.
You may attach it to the back of your monitor or hide it somewhere on your desk. (3""x6""x7"")

You will agree this pc is cosmetically and electronically in Like New condition.
Please see the images for style and size.
Complete specs in Asus website.
Price in Amazon: $1040",desktop,https://images.craigslist.org/00606_8nakQHhW0YX_0dN09J_600x450.jpg,00606_8nakQHhW0YX_0dN09J,Others,0.1461438845607015
8,ASUS Computer,"ASUS VivoMini pc V66-C2
Processor: Intel i5-10400 CPU @ 2.90 GHz
Memory: 32.0 GB
Storage: 256GB SSD + 480GB SSD
2x USB C
6x USB 3
HDMI & DISPLAY ports
SD Card Reader

This sylish pc has a powerful processor, lots of memory and storage. It handles multi projects and plays 4K movies.
You may attach it to the back of your monitor or hide it somewhere on your desk. (3""x6""x7"")

You will agree this pc is cosmetically and electronically in Like New condition.
Please see the images for style and size.
Complete specs in Asus website.
Price in Amazon: $1040",desktop,https://images.craigslist.org/00606_8nakQHhW0YX_0dN09J_600x450.jpg,00606_8nakQHhW0YX_0dN09J,Others,0.1461438845607015
9,ASUS Computer,"ASUS VivoMini pc V66-C2
Processor: Intel i5-10400 CPU @ 2.90 GHz
Memory: 32.0 GB
Storage: 256GB SSD + 480GB SSD
2x USB C
6x USB 3
HDMI & DISPLAY ports
SD Card Reader

This sylish pc has a powerful processor, lots of memory and storage. It handles multi projects and plays 4K movies.
You may attach it to the back of your monitor or hide it somewhere on your desk. (3""x6""x7"")

You will agree this pc is cosmetically and electronically in Like New condition.
Please see the images for style and size.
Complete specs in Asus website.
Price in Amazon: $1040",desktop,https://images.craigslist.org/00606_8nakQHhW0YX_0dN09J_600x450.jpg,00606_8nakQHhW0YX_0dN09J,Others,0.1461438845607015
10,"HP 27"" led monitor model 27yh","perfect condition. bought on 10/2020
I upgrade to 32"" curved
connection
1 VGA
1 DVI-D
1 HDMI
with power cord and hdml cable

ask $70",monitors,https://images.craigslist.org/00a0a_bWecw2EOTyu_0ww0oo_600x450.jpg,00a0a_bWecw2EOTyu_0ww0oo,Others,0.19147431851510827
11,"Lenovo ThinkPad T560 Laptop 15.6"" 1366x768 i5-5300U 320GB SATA 4GB W10","Laptop works great and is in excellent condition

Has a strong internal battery, but does not include external battery.

Lenovo Thinkpad T560
15.6"" 1366x768
Intel Core i5-6200U 2.3GHz
4GB RAM
320GB SATA hard drive
Intel HD 520 Graphics
Built-in 720P HD webcam (Zoom Zoom!)
Windows 10 Pro",laptops,https://images.craigslist.org/00a0a_h2aLxLpQ3iUz_0t20CI_600x450.jpg,00a0a_h2aLxLpQ3iUz_0t20CI,Tablets,0.21126165874817768
12,APPLE IPAD MINI A1432 WI-FI ONLY 16 GB,"APPLE IPAD MINI 1ST GEN A1432 16GB
Normal working condition
Wipe and clean
Battery holds normal charge
iPad OS Version 9.3.5
Comes with apple power charger.

( NOTE THE IPAD HAS VERY SMALL SCRATCHES ON THE BODY )

For info call or text show contact info
FIRM PRICE.",tablets,https://images.craigslist.org/00B0B_3MhrvnrHT7H_0CI0t2_600x450.jpg,00B0B_3MhrvnrHT7H_0CI0t2,Others,0.18509391868015762
13,HP Pro Business Desktop SSD Drive Windows 10 Pro,"HP Pro Business Desktop SSD Drive Windows 10 Pro

Intel i5

8GB RAM

DVD +- RW

128GB HDD SSD



Call show contact info

NO SHIPPING, NO CASHIER CHECKS OR PAYPAL
LOCAL PICKUP ONLY",desktop,https://images.craigslist.org/00b0b_6CYM2xvNl3E_0t20CI_600x450.jpg,00b0b_6CYM2xvNl3E_0t20CI,Laptops,0.21803942447567998
14,Office LASER PRINTERS Canon Brother Epson Dell scan copy print COLOR,"7 PRINTERS TO CHOOSE FROM.
LASER printers do not clog like inkjet, reliable way to print shipping labels

Sorry no emails OR texting. If you leave a number to call, I will call back from a private number.
This is to weed out the spammers

I have various office quality printers for any budget Photos show in sequence of list bellow
All working, some may need or low on a consumable, so the bargain price.

CANON M731Cdw retail $750 color 3 in 1 Laser Color $225

BROTHER MFC 9340cdw $1300retail 3/ in 1 COLOR Laser $300

EPSPON WP-4090 B/W Laser $279.00retail $75

Dell B2375DFW HI VOLUME B/W Laser 3 in 1 $75

CANNON PRO-100 wide desktop hi-resolution ink $275

HP ENVY GLASS Top & Front high line 3 in 1. $180

Dell 3000cn Color Laser extra ink $275

Canon MP 250 $45 Open box last 3 photos scanner printer copier",printers,https://images.craigslist.org/00b0b_6GGUiinrnqF_0nf0pt_600x450.jpg,00b0b_6GGUiinrnqF_0nf0pt,Keyboard,0.2587799065150695
15,Canon printer,"Commercial printer with brand new ink cartridges

Cash and carry

Will not deliver",printers,https://images.craigslist.org/00b0b_8e2UAUzhfDp_0t20CI_600x450.jpg,00b0b_8e2UAUzhfDp_0t20CI,Printers,0.25694672566778415
16,HP Z640 WS PC 2 x Xeon 16 Core 64GB Ram 512GB SSD + 4TB HDD W11 Pro,"HP Z640 Workstation PC 2 x Xeon E5-2609v4 16 Core 64GB Ram 512GB SSD + 4TB HDD Quadro K4000 W11 Pro

Clean Off-Lease Unit, Excellent cosmetic and working condition. Still Plastic protection covers on it, Grade A refurbished and upgraded with brand new 512GB SSD, 4TB HDD and Productivity software. Comes USB Keyboard and Mouse

I have 2 in stock (1 Sold, 1 Available)

2 x Xeon E5-2609 v4 2.00GHz 8-Cores
Total 16 Cores
64Gb DDR4 PC4-2400T Memory (4 x 16Gb) Memory Upgraded may screen shot shows 32GB
512GB Brand New SSD
4TB 6Gbps Sata HDD
NVidia Quadro K4000 Pro 3GB GDDR5 192bit Support 4K GPU 2 x Display Port, 1 x DVI
DVD+RW Optical Drive
Gigabit Ethernet
(2) USB 2.0 & (8) USB 3.0 Ports
4 Storage Bays
Front & Rear Audio Ports
925W Power Supply
Windows 11 x64 Pro
Office2021 Pro, Endpoint AV 2022, Adobe CC
Keyboard and mouse, Power Cable
30-Day Warranty",desktop,https://images.craigslist.org/00c0c_3z1weQ3G0rA_0t20CI_600x450.jpg,00c0c_3z1weQ3G0rA_0t20CI,Printers,0.331440487595904
17,Desktop Dell OptiPlex 9020 i5/8GB ram/New 256GB SSD/ W10 Pro,"Desktop Dell OptiPlex 9020 i5/8GB ram/New 256GB SSD/ W10 Pro

CPU Intel Core i5 (4rd Gen) / 3.2 GHz
Max Turbo Speed 3.6 GHz
Number of Cores Quad-Core

8GB Ram

256 Gb NEW SSD

Windows 10 Pro

No Shipping/CC/Paypal

Call show contact info",desktop,https://images.craigslist.org/00C0C_7kreSSLFDhb_600x450.jpg,00C0C_7kreSSLFDhb,Keyboard,0.24283690253815526
18,MacBook Pro 15 2018 Core i7 16GB RAM 500GB SSD Radeon Graphics,"MacBook Pro 15 2018 Touch Bar. Everything works, excellent battery, only 170 cycles. Includes power adapter. Price is firm.",laptops,https://images.craigslist.org/00c0c_ldEk4O7gMr7_0pO0jm_600x450.jpg,00c0c_ldEk4O7gMr7_0pO0jm,Laptops,0.20562413619910036
19,HP EliteDesk 800 G2 SSD 16gb RAM,"HP EliteDesk 800 G2 SFF
Intel Core i5-6600 @ 3.30GHz
240GB SSD
16gb RAM
Fresh install of Win10 Pro
BIOS updated
Comes with Keyboard, Mouse and Power Cord.",desktop,https://images.craigslist.org/00E0E_bu5E9eB7AzR_0800aF_600x450.jpg,00E0E_bu5E9eB7AzR_0800aF,Others,0.1948161517298399
20,"New in Box Dell P2222H 22"" 16:9 Full HD IPS LED 1080p Monitor","New in Box Dell P2222H 22"" 16:9 Full HD IPS LED 1080p Monitor

Latest 2022 Model Dell Professional Series
P2222H
3 years Advanced Exchange Service and Limited Hardware Warranty

Brand new condition, never used.
Comes with all original accessories in original packaging.

22"" In-Plane Switching (IPS) Technology - Full HD 1920 x 1080 Resolution - 60 Hz Refresh Rate
250 cd/mÂ¬â‰¤ Brightness - 5 ms Response Time (GtG) - 16.7 Million Colors
Ultra-Thin Bezel Design - Tilt/Swivel/Pivot/Height Adjustable - HDMI 1.4 | DisplayPort 1.2 | VGA Inputs
1000:1 Contrast Ratio - 178Â¬âˆž/178Â¬âˆž Viewing Angles - Built-In 4-Port USB Type-A Hub

Included:
Power Cable
HDMI Cable
USB HUB Cable",monitors,https://images.craigslist.org/00e0e_dkNoaEdYGKfz_0pO0pO_600x450.jpg,00e0e_dkNoaEdYGKfz_0pO0pO,Monitors,0.22355774151959162
21,"LEPOW Z1 GAMUT 15.6"" PORTABLE MONITOR USB-C HDMI","LEPOW Z1 GAMUT 15.6"" PORTABLE MONITOR USB-C HDMI

It's Brand New Item, Never Used.

[Upgraded Color Gamut ] With embedded quantum-dot enhancement film, Lepow Z1-Gamut upgrades display color gamut to 72% NTSC, indicating this new model can present broader color spectrum and give viewers better visual enjoyment in videos and games . You will be no longer content with normal full HD after Lepow Z1-Gamut portable pc monitor. These usb portable monitors bring every frame alive and restore true colors for you.

[15.6-inch FHD 1080P IPS Screen] Lepow portable computer monitors adopt 15.6â€šÃ„Ã´â€šÃ„Ã´ FHD screens to create stunning image quality and immersive visual enjoyment for their users. Advanced IPS panel ensures their outstanding performance in response time, smoothness, and eye protection. A 178Â¬âˆž visual angle realizes quality viewing even several people share the screen at the same time.

[Slim, light-weight, and portable] 0.3-inch thickness and 1.7lb weight make Lepow portable laptop monitor easily accommodate to every suitcase and backpack and stress-free when you are holding it for a long time. They are truly portable computer monitors for travelers, students, gamers, engineers, and everyone. Can be powered from PC or Laptop, or Car USB

[Universal Compatibility] With a full-function Type-C port and an HDMI port, Lepow Z1-Gamut portable monitors for laptops work with almost every computer, laptop, and tablet. They can easily connect to smart phones, Switch, PS3, PS4, and Xbox. You can use second screen mode, extended mode, or duplicate mode on the portable displays to extend your electronic devices everytime and everywhere.

[All Accessories Equipped] To be ready-to-use right out of the box, Z1-Gamut monitors come with three cables (Type C-Type C/mini HDMI-HDMI/Type C-USB A), a two-pronged plug, a smart cover, and a screen protector. To strengthen audio stimulation, every monitor is equipped with two built-in speakers.",monitors,https://images.craigslist.org/00E0E_ftnKBuXzOOF_084084_600x450.jpg,00E0E_ftnKBuXzOOF_084084,Keyboard,0.25606047198330656
22,Dell Inspiron 3668 Desktop PC - Intel i5-7400 32GB Ram 1TB SSD W11,"Dell Inspiron 3668 Desktop PC - Intel i5-7400 32GB Ram 1TB SSD W11 Wifi BT

Excellent Grade A Condition Dell Inspiron desktop PC, Upgraded with 32GB Ram and 1TB SSD

Intel Core i5-7400 Processor (Quad-Core, Up to 3.0GHz, 6MB Cache)
32GB DDR4 Ram
1TB Solid State Drive
Intel HD 630 Onboard GPU 1 HDMI / 1 VGA support 2 monitors.
DVD-R/RW Optical Drive
1 x HDMI, 1 x VGA
2 x USB 3.1, 4 x USB 2.0, 1 x Microphone-in, 1 x Headphone, 1 x Speaker, 1 x SD Card Reader
Intel Dual band AC Wi-Fi and Bluetooth
10/100/1000 Gigabit Ethernet
Microsoft Windows 11 Operating System
MS Office21
Eset Endpoint AV 2023
AcrobatDC
11.4"" x 3.7"" x 11.5"" (HxWxD); 11.6lbs
Energy Star Compliant

Comes with power cable,
Brand new monitors and wireless keyboard, mouse sets available for extra.",desktop,https://images.craigslist.org/00f0f_gh4fuwmsTCx_0t20CI_600x450.jpg,00f0f_gh4fuwmsTCx_0t20CI,Printers,0.34126694190869566
23,Dell Latitude 5591 laptop computer - ready to go!,"Selling a Dell Latitude 5591 laptop -- just reinstalled Windows 10 Pro, all updates and latest drivers/firmware installed. Eligible for free upgrade to Windows 11 Pro if you want, or leave it on Windows 10 Pro.

Cash and local pickup only, please.

Specs:
- Intel Core i5-8400H CPU
- 16GB DDR4 RAM
- 256 GB NVMe SSD
- 15 FHD screen
- Webcam
- Dual trackpoint/trackpad
- Backlit keyboard with separate number pad

Includes Del 90W power adapter.",laptops,https://images.craigslist.org/00f0f_iZJVpFM8BNU_0t20t2_600x450.jpg,00f0f_iZJVpFM8BNU_0t20t2,Printers,0.26421928822794244
24,"UPGRADED Mac Mini M1, 2TB SSD + 16GB + AppleCare + More (Retail $2335)","Just bought a 16"" MacBook Pro so selling my Upgraded Mac Mini ($1000 in Upgrades - see image 3). My Mac Mini is in like new, perfect condition, and includes AppleCare FULL WARRANTY Protection till 2024 (see image 4)!

I paid over $2335 (see image 2) just for the upgraded Mac Mini, AppleCare, & Pre-Installed Logic Pro X & Final Cut Pro software, and I am adding on Microsoft Office 2021 ($199). In total everything was $2534 but selling for $1499 so you're saving over $1035!

Also optionally selling with my 27"" Thunderbolt Display & Thunderbolt 3 Adapter for an additional $400, so if you want the entire set its $1899 (optional).

Here's the Tech Specs for the Mac Mini:

- Apple M1 Chip with 8-core CPU, 8-core GPU, 10-core Neural Engine
- 2000 GB (2TB) Unified SSD Storage (Upgraded from 256GB default for $800)
- 16GB Unified Memory (Upgraded from 8GB default for $200)
- High-Fidelity Six-Speaker Sound System with Force-Cancelling Woofers
- Two Thunderbolt 4 (USB-C) Ports & 2 USB-A Ports (5GB/s)
- HDMI Port & SDXC Card Slot
- Gigabit Ethernet Port & 802.11ax Wi-Fi 6
- Bluetooth 5.0 Wireless Technology
- Weight: 2.6lbs

Also comes with the Original Mac Mini Box and all my Fully Licensed & Activated Software:

- Latest MacOS Ventura (2023)
- Microsoft Office Professional 2021 ($199): Word, Excel, Outlook, Powerpoint
- Apple Final Cut Pro ($299): Video Editing Software
- Logic Pro X ($199): Professional Music Editor
- Parallel Desktop with Windows 11 ($99)

If you have any questions or are interested send me your contact # so we can chat and make a plan to meet. I'm happy to meet at a local Starbucks and provide a demo, or answer any questions by phone or text.",laptops,https://images.craigslist.org/00I0I_2sUFg85AN1b_1050Il_600x450.jpg,00I0I_2sUFg85AN1b_1050Il,Laptops,0.2895390683069597
25,Ã”Â£Ã¸ MacBook Pro 16â€šÃ„Ã¹ 2019 2.4Ghz 8-core i9 16GB RAM 1TB 4GB V-RAM Fully F,"Hi
I am selling Apple Macbook Pro, 16â€šÃ„Ã¹, 2019. I factory reset it, so it's like new, and all accounts and data is removed. It is fully functional. You can come and test it out, no issues. Itâ€šÃ„Ã´s in Excellent Condition . This is perfect for Photo editing, Video Editing, Audio recording, graphic designing as well for students, work, and business.
Specs:
MacOs Ventura 13.2
2.4 GHz 8-Core Intel Core i9 processor
16 GB RAM DDR4
1 TB Storage
Intel UHD 630 1536MB Graphics
AMD Radeon Pro 5500M 4GB VRAM
3072 x 1920 Resolution
Bluetooth// WiFi// FaceTime// iMessages
Four USB-C ports// 3.5mm headphone port
If you have any questions you can contact me. Thank you",laptops,https://images.craigslist.org/00i0i_7CnPCDzQZcr_0x20sW_600x450.jpg,00i0i_7CnPCDzQZcr_0x20sW,Tablets,0.23099509813830782
26,Dell Vostro Desktop i5 / 8Gb ram / Wifi / nVidia Geforce 8400GS/ SSD,"Dell Vostro Desktop i5 / 8Gb ram / Wifi / nVidia Geforce 8400GS/ SSD


128 GB SSD HDD

DVD

Windows 10 Pro

Call show contact info

NO SHIPPING, NO CASHIER CHECKS OR PAYPAL
LOCAL PICKUP ONLY",desktop,https://images.craigslist.org/00j0j_e0tjcmoRMwN_0gl0t2_600x450.jpg,00j0j_e0tjcmoRMwN_0gl0t2,Keyboard,0.2073108377996861
27,L@@K Like New Cannon Pixma MG 2522 Printer,"Hello there and thanks for checking out my ad! I'm selling a like new Cannon Pixma MG 2522 printer complete with power cord, disk and org box. Color cartridge included but you will need to buy black ink! You will also need your own printer cord as well. $25 take it! Cash and Carry! If you have questions or would like to purchase call show contact info . Thanks for checkout my ad!",printers,https://images.craigslist.org/00j0j_iZNqUX2wcog_0t20t2_600x450.jpg,00j0j_iZNqUX2wcog_0t20t2,Others,0.1898672758953898
28,"Asus Zenbook Laptop 14"" AMD Ryzen 5-5500U 2.1GHz 8GB 512GB SSD Win 11","Asus Zenbook Laptop 14"" AMD Ryzen 5 5500U 2.1GHz 8GB 512GB SSD Win 11 Q408UG

ASUS ZenBook 14 Q408UG-211.BL

It's New condition, box opened to check the content and upgrade the OS to latest Windows 11

ASUS Zenbook Q408 UG Laptop
14.0â€šÃ„Ã¹, Full HD (1920 x 1080), IPS 250 nit
AMD Ryzen 5 5500U 2.10 - 4.0GHz
6 Cores, 12 Thread
8GB DDR4 RAM
512GB NVMe SSD
NVIDIA GeForce MX450 2GB GDDR6 GPU
Wi-Fi 6 AX Bluetooth 5.2
HD Webcam and Dual array mic
2 x USB-C Thunderbolt 3 with DP, Data, PD
1 x USB 3.2 Gen 1
HDMI 2.0b, MicroSD Card reader
Speakers by Harman Kardon
67Wh, 4-cell battery with up to 10hrs battery life
Windows 11 Home",laptops,https://images.craigslist.org/00K0K_kUJOXW6xczV_0t20t2_600x450.jpg,00K0K_kUJOXW6xczV_0t20t2,Monitors,0.3129177977389729
29,Apple PowerMac Mac Pro G4 Mirror Drive Door (MDD) M8570,"Selling an excellent condition PowerMac G4 Mirror Drive Door (MDD) M8570

AK phone number - but we are in Schaumburg, IL.

PowerMac G4 MDD (Mirrored Drive Door model)
PowerPC G4 1.25GHz with 2 Meg Cache
ATI 9000 Pro 64 mb video card
Dual boot OS X 10.4 Tiger and 10.5 Leopard
Apple iWork apps
Microsoft Office Mac 2008 and license key

asking $95 and will remove ad when sold",external accessories,https://images.craigslist.org/00L0L_6cLsm4shwS7_0jm0pO_600x450.jpg,00L0L_6cLsm4shwS7_0jm0pO,Keyboard,0.2527593957941994
30,HP Pavilion P6730f: Intel i3 CPU-3.20 GHz/500GB Drive/6GB/Wi-Fi/Win 10,"HP Pavilion P6730f Computer
Processor: Intel i3 CPU 550 @ 3.20 GHz
Hard Drive: 500GB
RAM: 6GB
Wi-Fi
Win 10 Home

Items included: Power Supply cord, keyboard and mouse.

It is possible to add monitor to the package for additional price. Let me know if you need one.",desktop,https://images.craigslist.org/00L0L_liIOWqUMDSE_0t20CI_600x450.jpg,00L0L_liIOWqUMDSE_0t20CI,Printers,0.21119186847613525
31,2-in-1 PC,"Acer Switch Alpha SA5-271 2-in-1

Intel i3-6100U CPU @ 2.3GHz
4GB RAM
256GB Hard drive
Touch Screen
Windows 10

Extras Include:

Gumdrop case
Stylus
Magnetic Clip-on keyboard

Device has been factory reset, content removed, and is ready for fresh use like it is brand new",laptops,https://images.craigslist.org/00N0N_2ia3Y9L5PFB_0t20CI_600x450.jpg,00N0N_2ia3Y9L5PFB_0t20CI,Printers,0.20358416629549436
32,8 GEN DELL LATITUDE 7400 INTEL QUAD CORE I7-8665U 2.11 GHZ,"Dell Latitude 7400 Laptop
Normal working condition
Good cosmetic condition

LAPTOP INFO
Processor Intel Core i7-8665U 1.90 GHz 2.11 GHz
Number of cores --------4
Installed Hard Drive -------- 512 GB SSD M.2
Installed Memory --------- 24 GB DDR4
Screen Size 14"" with web cam
Intel UHD Graphics 620
Display Resolution 1920 X 1080
HDMI PORT
TYPE C USB PORT
MICRO SD CARD READER
3.0 USB PORTS
Wi-Fi And Bluetooth Connection
Battery holds excellent charge
Comes with dell power charger
Windows 11 Pro Version 23H2

( NOTE THE LAPTOP HAS SMALL SCRATCHES ON THE BODY FROM NORMAL USE )

For info call or text (773) seven 1 five -2289
FIRM PRICE.",laptops,https://images.craigslist.org/00N0N_2ZQEXuuxHpE_0CI0t2_600x450.jpg,00N0N_2ZQEXuuxHpE_0CI0t2,Tablets,0.34085657474522413
33,HP 6280t Desktop Computer - Intel Q8300 6GB Ram 640GB HDD Windows 10,"HP 6280t Desktop Computer - Intel Q8300 6GB Ram 640GB HDD Windows 10

Excellent cosmetic and working condition, upgraded with 640GB HDD, comes with power cable. price is firm.
KB and Mouse set available for $15
Brand new additional 256GB SSD upgrade is $45


Intel Core 2 Quad Q8300 2.50 GHz
Windows 10 Home x64
640GB Sata HDD
6GB Ram
DVD-Writer
Intel Onboard GPU
Gigabit Ethernet
6 x USB Port
VGA Port
5.1 Audio ports, Digital Audio Ports
Firewire 1394
Multi Card readers
MS Office
450W Power Supply",desktop,https://images.craigslist.org/00n0n_5RVHRyh541B_0t20CI_600x450.jpg,00n0n_5RVHRyh541B_0t20CI,Printers,0.2688554335817058
34,Linux Desktop Computer,"For Sale: Linux Desktop Computer $300

Case: Antec VSK-4000E
OS: Mint 21.2 Cinnamon 64bit - fresh load
CPU: i3 2120 3.3GHz/3M/1333 dual core quad
Ram: 2 x 2GB = 4GB DDR3-1333
MB: ASRock H61M-DGS skt 1155 64bit
Boot drive: Inland 240GB SSD
HDD: 500GB Seagate
Optical Drive: Samsung dvd-rw DL
Sata Dock: KF-252-BK Front Dock for 2.5"" or 3.5"" Sata2
Video: NVidia 210 1GB DDR3 VGA,DVI,HDMI
Sound: integrated
Network: wired integrated 10/100/1000Mbps
USB 2.0: 2F 6R
Power Supply: 600W SolidGear SDGR-600BX +12 at 34A

Linux has been evolving since 8-25-91. This open source tech runs the internet, chromebooks, android phones, and all your smart devices. No viruses - No File Fragmentation - No Registry Errors - No Spyware. Most devices are plug and play (drivers included). Daily updates cover all installed applications. Linux checks the SMART data on drives to alert you to any drive problems. Computers should be a joy to use, not an endless and costly headache.

The Linux Mint OS is easy to use, it's full featured, it's free, it has hundreds of programs for download, and you don't need permission to use it. The computer is a custom built unused mint condition machine, and has several features you wonâ€šÃ„Ã´t find on competitively priced computers at the retail outlets: A separate storage drive, a video card, a front loading SATA dock for plug and play extra drives.

Call Bob at show contact info in Diamond, IL, 20 min S of I80 and I55
Sale includes hands on instruction, as long and as often as you need.
Terms: Local only, no shipping, cash, continuing tech support
It's OK to call 24-7 and leave a message if I can't pick up.
Retired Tech - Home Lab - Computer Builder
28 yrs with PCs - 35 yrs Industrial Electronics Technician",desktop,https://images.craigslist.org/00O0O_CG6tgDVDsIz_0de0pu_600x450.jpg,00O0O_CG6tgDVDsIz_0de0pu,Printers,0.22698665181669359
35,"2013 APPLE IMAC 21.5"" A1418 INTEL QUAD CORE I5 2.7 GHZ","Apple iMac 21.5"" A1418 Late 2013
Normal working condition
Good cosmetic condition

MAC INFO.

Processor Intel Core i5 2.7 GHz
Number of cores -------- 4
Installed Hard Drive -------- 512 GB SSD 2.5""
Installed Memory ---------- 8 GB PC3
Wi-Fi And Bluetooth Connection
Screen Size 21.5"" with web cam
Mac OS Catalina 10.15.7
Wired keyboard and mouse included + power cord

NOTE THE CONMPUTER HAS VERY SMALL SCRATCHES ON THE BODY FROM NORMAL USE

For info call or text (773) 7 one 5 two 2 8 nine
FIRM PRICE.",desktop,https://images.craigslist.org/00Q0Q_cyQzkBIFKLT_0CI0t2_600x450.jpg,00Q0Q_cyQzkBIFKLT_0CI0t2,Tablets,0.3303382995637609
36,"2013 APPLE IMAC 21.5"" A1418 INTEL QUAD CORE I5 2.7 GHZ","Apple iMac 21.5"" A1418 Late 2013
Normal working condition
Good cosmetic condition

MAC INFO.

Processor Intel Core i5 2.7 GHz
Number of cores -------- 4
Installed Hard Drive -------- 512 GB SSD 2.5""
Installed Memory ---------- 8 GB PC3
Wi-Fi And Bluetooth Connection
Screen Size 21.5"" with web cam
Mac OS Catalina 10.15.7
Wired keyboard and mouse included + power cord

NOTE THE CONMPUTER HAS VERY SMALL SCRATCHES ON THE BODY FROM NORMAL USE

For info call or text (773) 7 one 5 two 2 8 nine
FIRM PRICE.",desktop,https://images.craigslist.org/00Q0Q_cyQzkBIFKLT_0CI0t2_600x450.jpg,00Q0Q_cyQzkBIFKLT_0CI0t2,Tablets,0.3303382995637609
37,"2013 APPLE IMAC 21.5"" A1418 INTEL QUAD CORE I5 2.7 GHZ","Apple iMac 21.5"" A1418 Late 2013
Normal working condition
Good cosmetic condition

MAC INFO.

Processor Intel Core i5 2.7 GHz
Number of cores -------- 4
Installed Hard Drive -------- 512 GB SSD 2.5""
Installed Memory ---------- 8 GB PC3
Wi-Fi And Bluetooth Connection
Screen Size 21.5"" with web cam
Mac OS Catalina 10.15.7
Wired keyboard and mouse included + power cord

NOTE THE CONMPUTER HAS VERY SMALL SCRATCHES ON THE BODY FROM NORMAL USE

For info call or text (773) 7 one 5 two 2 8 nine
FIRM PRICE.",desktop,https://images.craigslist.org/00Q0Q_cyQzkBIFKLT_0CI0t2_600x450.jpg,00Q0Q_cyQzkBIFKLT_0CI0t2,Tablets,0.3303382995637609
38,"2013 APPLE IMAC 21.5"" A1418 INTEL QUAD CORE I5 2.7 GHZ","Apple iMac 21.5"" A1418 Late 2013
Normal working condition
Good cosmetic condition

MAC INFO.

Processor Intel Core i5 2.7 GHz
Number of cores -------- 4
Installed Hard Drive -------- 512 GB SSD 2.5""
Installed Memory ---------- 8 GB PC3
Wi-Fi And Bluetooth Connection
Screen Size 21.5"" with web cam
Mac OS Catalina 10.15.7
Wired keyboard and mouse included + power cord

NOTE THE CONMPUTER HAS VERY SMALL SCRATCHES ON THE BODY FROM NORMAL USE

For info call or text (773) 7 one 5 two 2 8 nine
FIRM PRICE.",desktop,https://images.craigslist.org/00Q0Q_cyQzkBIFKLT_0CI0t2_600x450.jpg,00Q0Q_cyQzkBIFKLT_0CI0t2,Tablets,0.3303382995637609
39,"Lenovo Thinkpad T500, 6GB Ram, 120GB SSD, Windows 11","Lenovo Thinkpad T500
Intel Core 2 Duo
6GB Memory
120GB SSD
Wifi
Windows 11",laptops,https://images.craigslist.org/00q0q_daEe7S8ChH_0lQ0t2_600x450.jpg,00q0q_daEe7S8ChH_0lQ0t2,Keyboard,0.20169131563742185
40,Dell Precision T7810 WS PC 2 x Xeon 64GB 512GB SSD + 4TB 2 x GTX 1060,"Clean Off-Lease Unit, Good cosmetic and working condition. with a small dent on top side. Still Plastic protection covers on it, Grade A refurbished system with brand 512GB SSD + Brand new 4TB HDD and Productivity software. Comes USB Keyboard and Mouse

This system great for 2D, 3D Apps, CAD Design, Graphics and Multimedia Designs. and Excellent for Gaming with Dual GTX 1060 GPU

2 x Xeon E5-2620 v3 2.00GHz 6-Cores
Total 12 Cores (24 Logical Cores)
64Gb DDR4 PC4-2400T Memory (4 x 16Gb)
512GB SSD (2 x 256GB SSD)
4TB Seagate Exos 6Gbps Sata Enterprise HDD - Brand New
2 x EVGA Nvidia GeForce GTX 1060 6GB + 3GB GDDR5 1280 Cuda Core
Total 9GB Graphics Memory
192bit Support 4K GPU 6 x Display Port, 2 x DVI 2 x HDMI Ports, Support 8 Monitors
Gigabit Ethernet
(6) USB 3.0 & (4) USB 2.0 Ports
Serial Port
PS/2 Ports
4 Storage Bays
Front & Rear Audio Ports
825W Power Supply
Windows 11 x64 Pro
Office2021 Pro, Endpoint AV 2022, Adobe CC
Keyboard and mouse, Power Cable",desktop,https://images.craigslist.org/00r0r_2PD9CcRdR3U_0t20CI_600x450.jpg,00r0r_2PD9CcRdR3U_0t20CI,Printers,0.33812623312552637
41,Dell Inspiron 3650 Desktop PC - i5-6400 16GB 256GB + 500GB GT730 W11,"Dell Inspiron 3650 Desktop PC - Intel i5-6400 16GB Ram 256GB SSD + 500GB HDD W11 Pro Wi-Fi BT

Excellent Condition Dell Inspiron desktop PC, Upgraded with 256 GB SSD + 500GB HDD, Comes with, Dell USB keyboard and Mouse. New FHD Webcam

Intel Core i5-6400 Processor (Quad-Core, Up to 2.71GHz, 6MB Cache)
16GB DDR4 Ram
256GB Solid State Drive (SSD)
Nvidia Geforce GT730 2GB Dedicated GPU Supports 3 Monitor.
DVD-R/RW Optical Drive
1 x HDMI, 1 x VGA, 1 x DVI
2 x USB 3.0, 4 x USB 2.0, 1 x Microphone-in, 1 x Headphone, 1 x Speaker, 1 x SD Card Reader
Intel Dual band AC Wi-Fi and Bluetooth
10/100/1000 Gigabit Ethernet
Microsoft Windows 11 Home Operating System
Brand New Dell USB Keyboard and Mouse, Power Cable, New FHD Webcam
Office21
Endpoint AV
Energy Star Compliant",desktop,https://images.craigslist.org/00r0r_44bgB3BFUJ9z_0t20CI_600x450.jpg,00r0r_44bgB3BFUJ9z_0t20CI,Printers,0.33171584419019495
42,8 GEN DELL LATITUDE 5590 INTEL QUAD CORE I7-8650U 2.11 GHZ,"Dell Latitude 5590 Laptop
Normal working condition
Great cosmetic condition

LAPTOP INFO
Processor Intel Core i7-8650U 2.11 GHz
Installed Hard Drive -------- 512 GB SSD M.2
Installed Memory --------- 16 GB PC4
Screen Size 15"" with web camera
Intel UHD Graphics 620
Display Resolution 1920 X 1080
HDMI PORT
TYPE C USB PORT
3.0 PORTS
SD CARD READER
Wi-Fi And Bluetooth Connection
Battery holds excellent charge
Comes with dell power charger and dell docking station
Windows 11 Home Version 22H2

For info call or text (773) seven 1 five 2289",laptops,https://images.craigslist.org/00r0r_930Y7EjjTMX_0CI0t2_600x450.jpg,00r0r_930Y7EjjTMX_0CI0t2,Tablets,0.324767509418748
43,"Lenovo ThinkVision T27hv-20 27"" 16:9 VoIP QHD IPS Monitor - New O. Box","Lenovo ThinkVision T27hv-20 27"" 16:9 VoIP QHD IPS Monitor - New Open Box

Part Number: 62A9-GAR1-US
Size: 27"" Class
Color: Black
Condition: New, Open Box - Fully test - In Manufacturer warranty - all included items shown in photos. Missing box, due to heavy rips, box throwed out

Lenovo Warranty Valid thru 3/27/2026

Model: T27HV-20
27"" In-Plane Switching (IPS) Panel
Resolution: 2560 x 1440 QHD Resolution
Refresh Rate: 60Hz
1000:1 Static Contrast Ratio
350 nits Brightness
178Â¬âˆž/178Â¬âˆž Viewing Angles
6 / 4 ms Response Time (GtG / Overdrive)
16.7 Million Colors
Connectivity: HDMI + DisplayPort + USB Type-C Inputs
1080p IRRGB webcam
Built-in Noise Cancelling Microphones
Built-in Speakers
Built in USB-C Hub, Dock with 4 High Speed USB A ports, USB-C Port and Gigabit Ethernet.

What's Included:
Monitor, Stand
Power Cable, Display Port Cable, HDMI cable, USB-C Thunderbolt Cable, USB-C to USB-A Cable

90W of power with compatible laptops through the USB Type-C port using a single cable to help reduce desktop clutter. The USB Type-C connector also enables use of the Gigabit Ethernet port and four-port USB hub, which allows you to quickly connect peripherals such as flash drives, keyboards, and mice through the monitor.

Communicate with colleagues, clients, and friends with the Lenovo ThinkVision T27hv-20 27"" 16:9 VoIP QHD IPS Monitor, which is designed to streamline video conferencing with its integrated 1080p webcam, dual noise-cancelling microphones, and 3W stereo speaker system. The angle-adjustable infrared webcam supports Windows Hello facial recognition, which allows you to log in with a smile. The webcam's smart sensor enables features such as the ""On Air"" style smart traffic light, which indicates to others when you're video conferencing or busy to help keep them from disturbing you. When used with the Smart Guard software to automatically blur your screen when you look away from the screen or when it detects someone looking over your shoulder. It can also automatically turn the screen off to conserve power when you step away.",monitors,https://images.craigslist.org/00R0R_eXsVAKji3E5_0oc0iQ_600x450.jpg,00R0R_eXsVAKji3E5_0oc0iQ,Printers,0.3021639484473465
44,(28) CANON PIXMA PRINTERS - Need Cleaning or Repair - ALL 28 for ONLY,"(28) CANON PIXMA PRINTERS - Need Cleaning or Repair - ALL 28 for ONLY $100 ............... (# B-3194)


Manufacturer : CANON PIXMA

Models : (15) IP4500 (A thru O) , (4) IP4300 (P,Q,R) , (9) IP4000 (S-ZZ)
.............. (U & X are IP4000 ""R"" Models)

Colors : Black & Silver

Condition : Not Currently in Working Order

Details : All Need Some Cleaning ( Waste Ink Removal ) and/or Repairs -
............. (1) Was BRAND NEW ( Just Ink Clogged ) ,
............. (3) or More Just Need Cleaning ( Waste Ink Full ) , Most are Untested and Might
............. be Repairable / Reusable , And Some May be Good for Parts , All Will Require
............. Some Attention to Become Working Units Again .
............. Most Appear to be Complete - Except Without Any Ink Reservoirs ,
............. One is Missing a Removable Ink Tray Insert

More Details : (A,B) Waste Ink Near Full , (D) Was Brand New but Ink Clogged ,
....................... (F,I) Blinks - Yellow , (H,P,Q) Blinks - Orange (Waste Ink Full)

Available : 28 .......... ( TWENTY EIGHT Available ) .......... ( Call for Appointment )

Price Comparisons (Ebay) :
ip4500 - New ..................... $ 250 - $ 600
ip4500 - Used .................... $ 185 - $ 209
ip4300 - New ..................... $ 400
ip4300 - Used .................... $ 91 - $ 202
ip4300 - Not Working ....... $ 102 - $ 109
ip4000 - New .................... $ 930
ip4000 - Used ................... $ 75
ip4000 - Not Working ....... $ 80

Price : $ 100 for ALL - (28) Printers .......... ( All Sold ""As Is"" ) .......... ( Cash & Carry )

Website : CHICAGOLANDSHOWCASE.com

For an Appointment CALL : show contact info
.............................. ( Any Emails Must Include YOUR PHONE NUMBER )
.............................. ( Because of SCAMMERS - I Do Not Return Emails )
.............................. ( If You See This Ad - It's STILL AVAILABLE )",printers,https://images.craigslist.org/00t0t_8S6iR2UY8tY_0CI0t2_600x450.jpg,00t0t_8S6iR2UY8tY_0CI0t2,Printers,0.2910005122274134
45,MONITOR 22 inch for Computer eMachines Vintage 2007 LCD Flat Screen,"For parts, repair or prop. eMachines 22"" LCD computer monitor. Model L22YCET. Manufactured September 2007. Cables not included. Nice base included. Brief testing monitor powered up with display though had a blotch on the screen lower right side. Monitor measures aprox 21"" wide x 8"" deep x 18"" height. Pick up from Villa Park, IL. Please call or text show contact info . If you email please include a number I can reach you at. Thanks for looking.",monitors,https://images.craigslist.org/00T0T_gp8B2VSokIi_0iN0e2_600x450.jpg,00T0T_gp8B2VSokIi_0iN0e2,Laptops,0.23985618339893935
46,Ã”Â£Ã¸ MacBook Pro 15â€šÃ„Ã¹ 2019 2.4Ghz 8-core i9 32GB RAM 500GB 4GB V-RAM Fully,"Hi,
I am selling Apple Macbook Pro 15â€šÃ„Ã¹, 2019. I factory reset it, so it's like new and all accounts and data is removed. It is fully functional. It is in excellent condition. It is perfect for students, work, Photo editing, Video editing, Graphic Designing, Audio recording. You can come and test it out no issues.
Specs:
MacOS Ventura 13.6
2.4 GHz 8-Core Intel core i9 Processor
32 GB RAM DDR4
500 GB Storage
Intel UHD Graphics 630 1536 MB
Radeon Pro 560X 4GB VRAM
2880 x 1800 Resolution
WiFi// iMessages// FaceTime
Four USB C Ports/ 3.5mm Headphone port. If you have any questions. Please contact me. Thank you.",laptops,https://images.craigslist.org/00T0T_hkaa9IJace1_0wK0t2_600x450.jpg,00T0T_hkaa9IJace1_0wK0t2,Laptops,0.22940870215934925
47,MacBook Pro 15 2017 i7 2.8 16GB RAM 256SSD Radeon Dedicated Graphics,"MacBook Pro 15 2017 Touch Bar. Everything works, excellent battery. Includes power adapter. Price is firm.",laptops,https://images.craigslist.org/00T0T_idHbvqp3qlr_09G07g_600x450.jpg,00T0T_idHbvqp3qlr_09G07g,Others,0.1783003345511441
48,"Dell T5500 Workstation Server w/ TWO Processors, SSD, HDD","Pulled from a working research environment and fully functional with TWO Xeon processors, 20gb of RAM and a solid state drive.

Perfectly suitable for some heavy lifting or good for office work.

Full specs:
- TWO Intel Xeon E5630 processors at 2.53 GHz
- 20 GB RAM
- 240 GB PNY SSD
- 500 GB Seagate HDD

Comes with the power cord. 24"" monitor, keyboard and mouse for another $25.",desktop,https://images.craigslist.org/00V0V_dY5JzqhZwIg_0fu08I_600x450.jpg,00V0V_dY5JzqhZwIg_0fu08I,Others,0.18203021380365061
49,HP EliteDesk 400 G3 i5 SSD 16gb RAM,"HP EliteDesk 400 G3 SFF
i5-6500 CPU @3.20 GHz
16GB RAM
FAST SSD 240GB
Fresh install of Win10 Pro, win11 possible
BIOS updated
Comes with Keyboard, Mouse and Power Cord.",desktop,https://images.craigslist.org/00x0x_eNPkarFSRWl_0800aF_600x450.jpg,00x0x_eNPkarFSRWl_0800aF,Printers,0.20290535147164784
50,"3 Lbs Weight - 16GB RAM, i5 CPU, SSD, Touch Screen, Windows 10 Pro","Lenovo ThinkPad T480s in excellent shape! Just a few of these great laptops left so hurry up to get one before they all are sold out!

14"" touch screen, 8th generation of Intel's Core i5 processor, 16 GB of RAM, 256 GB solid state drive. Multiple USB 3.0 ports, HDMI connector for an external monitor/TV, an Ethernet port, a WiFi adapter, a Webcam, a memory card reader, etc. And with all that superb connectivity and functionality this great laptop weighs just about 3 lbs!

Battery's at the 50% of the original capacity - still good for a couple of hours of work before recharging; AC adapter is included.

Legit, activated and up-to-date Windows 10 Professional (64-bit).

Just $240 - before any discount/credit. Discount on the total if you purchase two or more at once.

Also available - similarly looking but even faster T490s model, for just $260!

Cash or PayPal only. No shipping and/or delivery of any sort anywhere.

Up to $40 possible credit (discount) for your not needed computer stuff, smartphones and other electronics - including DEFECTIVE laptops and/or desktops (made in the last six years only!) with usable parts.

(773) 820-eleven-65 (calls/texts)",laptops,https://images.craigslist.org/00X0X_hHeCnp3fO00_0kC0g8_600x450.jpg,00X0X_hHeCnp3fO00_0kC0g8,Tablets,0.3471340556030368
51,"Dell Latitude 7400 - i7, 32GB RAM","Cash and local pickup only in public location.

Dell Latitude 7400

Specs:
- Windows 10 Pro (fresh install), fully compatible with Windows 11 Pro
- Carbon fiber lid
- 14"" FHD touch screen
- IR Camera (use with Windows Hello)
- Intel Core i7-8665U CPU
- 32GB DDR4 RAM
- 512 GB SSD
- Thunderbolt port

Includes original Dell power adapter (not pictured).

Fresh installation of Windows 10 Pro, all updates and firmware done.",laptops,https://images.craigslist.org/00Y0Y_37sGEL1lM7f_0CI0t2_600x450.jpg,00Y0Y_37sGEL1lM7f_0CI0t2,Mouse,0.24422987792544085
52,Acer Chromebooks,"Acer Chromebook R11 C738T 2-in-1 TOUCHSCREEN 1.6GHz 16GB 4GB. All Chromebooks are tested to be not locked and hold battery charge.
$60 cash each",laptops,https://images.craigslist.org/00y0y_wJq4hJj610_0bC0fu_600x450.jpg,00y0y_wJq4hJj610_0bC0fu,Others,0.1968433005759737
53,"Samsung S8 27"" 4K UHD HDR10 Monitor - New","Item is brand new condition with manufacturer warranty, Box opened to check the contents, make sure Monitor good condition.

Bright crystal-clear visuals to your favorite content with the S27A804UJN 27"" 16:19 4K HDR10 Monitor from Samsung. Featuring a 27"" In-Plane Switching (IPS) panel, this monitor provides a 4K UHD resolution of 3840 x 2160. The 1000:1 static contrast ratio, 1.07 billion colors, and HDR 10 support ensure crisp, accurate colors and visuals.

Key Features
Model number: S27A804UJN
27"" In-Plane Switching (IPS) Panel
DisplayPort & HDMI Inputs
3840 x 2160 Resolution
1000:1 Contrast Ratio
300 cd/mÂ¬â‰¤ Brightness
178Â¬âˆž/178Â¬âˆž Viewing Angles
5 ms Response Time
1.07 Billion Colors
60 Hz Refresh Rate
3 x USB Type-A, 1 x USB Type-C
USB C hub with Power
Split Screen Picture-by-Picture (PBP) and Picture-in-Picture (PIP)
1 Billion Colors with HDR10
Eye Saver Mode
Fully Adjustable Stand and VESA Compatible
Auto Source Switch

Versatile USB Type-C Connectivity
A single cable connection transmits digital display signal and data (USB) while simultaneously charging your device (up to 90W). Connect any PC, tablet, or mobile device that has a USB Type-C port and get an instant clutter-free and stress-free workstation.",monitors,https://images.craigslist.org/00z0z_2zgp3Cgk8at_0t20t2_600x450.jpg,00z0z_2zgp3Cgk8at_0t20t2,Monitors,0.5004269301420402
54,ACER NITRO XF243Y FHD 165Hz Gaming Monitor - New Open Box,"ACER NITRO XF243Y PBMIIPRX 23.8"" FULL HD IPS GAMING MONITOR 165hz | NEW OPEN BOX

New Open Box Condition - Wear on original Packaging

I have 5 in stock, price is $180 firm.

Acer XF243Y Pbmiiprx 23.8in 1920x1080 IPS Display, 16 9 Aspect Ratio, 2 x 2.0W Integrated Speakers, 250 cdm2 Brightness, 2ms Response time, up to 165Hz Refresh Rate, HDR10 2x HDMI, Display Port, Headphone, Speaker port
Acer Warranty

Maximum Resolution
1920 x 1080

Standard Refresh Rate
144 Hz

Color Supported
16.7 Million Colors

Color Depth
6-bit+Hi-FRC

Dynamic Contrast Ratio
100,000,000:1

Brightness
250 Nit

Tearing Prevention Technology
AMD FreeSyncâ€šÃ‘Â¢ Premium (DisplayPort VRR)

Color Gamut
99% sRGB

Native Contrast Ratio
1,000:1

Overclock Refresh Rate
165 Hz

Package Contents

1 x XF243Y P Widescreen LCD Monitor
1 x Displayport Cable
1 x HDMI Cable
1 x Power Cord (US)
Environmentally Friendly",monitors,https://images.craigslist.org/00Z0Z_fQhBH01pgD5_0hp0eY_600x450.jpg,00Z0Z_fQhBH01pgD5_0hp0eY,Monitors,0.4220991764412969
55,HP Pro 6005,"HP Pro 6005

Amd Atlon X2 3Ghz
4GB Ram
1TB
Windows 10 Pro

show contact info

No Shipping / no CC / no Paypal",desktop,https://images.craigslist.org/01010_bTVceOA6EcU_0lM0t2_600x450.jpg,01010_bTVceOA6EcU_0lM0t2,Laptop & Accessories,0.20923007662832874
56,New Sealed HP LaserJet Full Duplex Wireless Laser Printer,"New, in box and sealed, HP LaserJet wireless monochrome (black and white) laser printer model# MFP M235dwe. Print / copy / scan. Full duplex (two-sided printing), dual band Wi-Fi, bluetooth, ethernet, and USB connectivity, HP+ smart app printing system. Asking $100.",printers,https://images.craigslist.org/01212_6KAK1dyH9xp_0CI0t2_600x450.jpg,01212_6KAK1dyH9xp_0CI0t2,Network & Communication,0.20250673071018951
57,HP Engage Flex Pro-C Retail PC i5-8500 16GB RAM 512GB SSD W10 IOT New,"HP Engage Flex Pro-C Retail PC i5-8500 16GB RAM 512GB SSD W10 IOT Enterprise - New Wtty 5/2025

Item is Brand New Open box.
Box opened to Upgrade to latest Retail Windows 10 IOT 2021 OS, and hardware.
Installed HP security software.

System Under HP Warranty thru 5/2025

System Comes with HP Recovery 64GB USB Flash Drive, (HP OS, Apps, Security Software, and system, POS hardware Drivers

IntelÂ¬Ã† Coreâ€šÃ‘Â¢ i5 8500 vProâ€šÃ‘Â¢ with IntelÂ¬Ã† UHD Graphics 630 (3 GHz base frequency, up to 4.1 GHz with IntelÂ¬Ã† Turbo Boost Technology, 9 MB cache, 6 cores)
16 GB DDR4-2133 SDRAM (2 x 8 GB)
512GB NVME M.2 PCIe SSD

Internal drive bays:
Two 3.5""
Two M.2

Expansion slots:
1 half-height PCIe x16 (x4)
2 full-height PCIe (x1)
1 half-height PCIe x16 (x16)

Ports:
1 x headset connector
1 x RJ-45 Intel I219-LM Gigabit Ethernet
1 x SuperSpeed USB Type-A 5Gbps signaling rate (charging)
2 x SuperSpeed USB Type-A 5Gbps
2 x USB 2.0
3 x 12v USB A Retail POS Ports
1 x RS-232 Serial Port
2 x configurable video ports
1 DisplayPortâ€šÃ‘Â¢ 2.0
signaling rate
1 PS/2 combo port5

OS and Software:
Windows 10 IoT Enterprise LTSC 2021
HP Wolf Security
HP SureClick
HP Cloud Recovery

What's In the Box:
HP USB Keyboard and Mouse
Power Cable
Display Port to VGA Cable
Front USB Ports Security Cover",desktop,https://images.craigslist.org/01414_3tDtnfqmWFU_0CI0t2_600x450.jpg,01414_3tDtnfqmWFU_0CI0t2,Keyboard,0.34136017600210083
58,32GB DELL LATITUDE 7490 INTEL QUAD CORE I7-8650U 2.11 GHZ,"Dell Latitude 7490 Laptop
Normal working condition
Good cosmetic condition

LAPTOP INFO
Processor Intel Core i7-8650U 2.11 GHz
Number of cores --------4
Installed Hard Drive -------- 512 GB SSD M.2
Installed Memory --------- 32 GB DDR4
Screen Size 14"" with camera
Intel UHD Graphics 620
Display Resolution 1920 X 1080
HDMI PORT
TYPE C USB PORT
MICRO SD CARD READER
3.0 USB PORTS
Wi-Fi And Bluetooth Connection
Battery holds excellent charge
Comes with dell power charger
Windows 11 Pro Version 23H2

( note the laptop has small scratches on the body )

For info call or text (773) seven 1 five -2289",laptops,https://images.craigslist.org/01515_cvljyPKQNeH_0CI0t2_600x450.jpg,01515_cvljyPKQNeH_0CI0t2,Tablets,0.23272566680689333
59,2 BRAND NEW New Apple Extention Cord For Apple Power Brick,"2 BRAND NEW Apple Extention Cord For Apple Power Brick.

New Apple Extention Cord For Apple Power Brick. New, And Never Used. This was taken from 2 new MacBook Pros.


CASH ONLY, PICK-UP ONLY LOAD N' GO!!!",laptop & accessories,https://images.craigslist.org/01515_hVnjyTmVKgU_06104F_600x450.jpg,01515_hVnjyTmVKgU_06104F,Others,0.17702813263018627
60,UBIQUITI RACK MOUNT KIT ER-RMKIT EDGEMAX FOR EDGE ROUTER,"UBIQUITI RACK MOUNT KIT ER-RMKIT EDGEMAX FOR EDGE ROUTER EDGEROUTER A5-86W

New Sealed Genuine Ubiquiti product",external accessories,https://images.craigslist.org/01515_Yl8yC556Px_0CI0t2_600x450.jpg,01515_Yl8yC556Px_0CI0t2,Laptop & Accessories,0.28431628783395885
61,2 brand new ink cartridges one black & one color 61 XL CAN SHIP,"Two INK cartridges for HP Printer
Color and Black 61 XL COLOR 61 XL BLACK ink
2 brand new ink cartridges one black one color
$20 for the pair

Computers computer Tablets tablet Networking
Scanners Supplies
Printers
desk jet j110a 1000 series and others
copy copier copying
computer print printing
inks cartridge
copies",printers,https://images.craigslist.org/01717_3X50jergpX1_0CI0lM_600x450.jpg,01717_3X50jergpX1_0CI0lM,Others,0.18992401694141722
62,Dell Precision T3400 Workstation PC 8GB Ram 256GB SSD + 2TB W11 Pro,"Excellent working and cosmetic condition, Fully cleaned inside out, freshly installed Operating system, and productivity software and fully tested. Works really fast and smooth.

Dell Precision T3400 Workstation PC
Processor Type Intel Core 2 Quad 8400 Quad Core
Processor Speed 2.66Ghz
Installed Ram: 8GB
SSD: 1x 256GB 2.5"" Sata SSD
HDD 1x 2TB 3.5"" Sata HDD
Power Supply 525W
DVD-RW
Gigabit Ethernet
Intel AC Wi-Fi and Bluetooth
Nvidia Quadro 600 GPU 1 x Display port, 1 x DVI
4 x USB 3.0 and 8 x USB 2.0, Serial Port, LPT Port, Audio and PS/2 Ports
Windows 10 Pro
MS Office21, Eset Endpoint AV 2023,

Included: Power Cable, Dell USB Keyboard and Mouse, Wi-Fi Antenna.",desktop,https://images.craigslist.org/01717_l8T22rD5cge_0t20CI_600x450.jpg,01717_l8T22rD5cge_0t20CI,Others,0.1965443525561877
63,"HP All in One 23"" Touch Screen SSD W10 Pro/Office","HP All in One 23"" Touch Screen SSD W10 Pro/Office

HP EliteOne 800 G1

Intel 4th Generation Core i5, Processors

8GB RAM

240 GB SSD Drive

23"" inch Touch Screen

Wireless Keyboard and Mouse


show contact info

No Shipping / no CC / no Paypal",desktop,https://images.craigslist.org/00V0V_4A7k1OQXr8mz_0CI0lM_600x450.jpg,00V0V_4A7k1OQXr8mz_0CI0lM,Others,0.15303906941831028
64,Apple MacBook Pro 15â€ 2016 TouchBar 2.9Ghz QuadCore I7 16GB RAM 500GB,"Hi
I am selling Apple Macbook Pro, 15â€, 2016, TouchBar. I factory reset it, so it's like new, and all accounts and data is removed. It is fully functional. You can come and test it out, no issues. It is in excellent condition. This is perfect for Photo editing, Video Editing, Audio recording, graphic designing as well for students, work, and home.
Specs:
MacOS Monterey 12.6
2.9 GHz Intel Core i7 processor
16 GB Memory LPDDR3
500 GB SSD
Intel HD Graphics 530 1536MB Graphics
AMD Radeon Pro 460 4 GB VRAM
WiFi// FaceTime// iMessages
Four Thunderbolt 3 ports// 3.5mm headphone port
If you have any questions you can contact me. Thank you",laptops,https://images.craigslist.org/00N0N_1f13o0LvlxR_0x20qw_600x450.jpg,00N0N_1f13o0LvlxR_0x20qw,Others,0.19130805174906418
65,HP EliteBook 14â€ 840 G3 2.5Ghz i5-6300u 16GB RAM 256GB SSD Windows 10,"Hello,
I am selling HP EliteBook, 840 G3, 14â€, Windows 10 Pro Laptop. I factory reset it so it's like new and all accounts and data is removed.
It is fully functional you can come and test it out, no issues, runs great. It is in excellent condition. It will come with the charger. This is perfect for students, work, and businesses.
Specification:
Windows 10 Pro
2.5 GHz Intel Core i5-6300U Processor
16 GB RAM
256 GB SSD
Intel HD Graphics 520
1920 x 1080 Resolution
WiFi// Webcam// Microphone
Two USB 3.0 Ports// VGA Port// Display Port// USB C Port// Sim Card Slot// SD Card Slot//Ethernet Port// Headphone Port.
If you have any questions. Please contact me. Thank you.",laptops,https://images.craigslist.org/00V0V_5mpeE7r9LfZ_0uS0t2_600x450.jpg,00V0V_5mpeE7r9LfZ_0uS0t2,Tablets,0.3243613807287765
66,APPLE IMAC 27â€ 5K 2019 3.7GHz 6CORE i5 16GB RAM 500GB Radeon Pro 580X,"Hello, 
I am selling Apple iMac 27"", 2019, 5K, Retina Display, Thin, All In One Mac. I factory reset it so it's like new and all accounts and data is removed. This is a perfect unit for students, work, business, Video editing, Photo editing, Audio Recording, and Graphic Designing. This unit is fully functional. You will get to try it out before purchasing, no issues. Good Condition
There is a slight bent on the iMac stand please see pics itâ€™s just cosmetic ware
Specs: 
MacOS Ventura 13.0
3.7 GHz 6-Core Intel Core i5 Processor 
16 GB RAM DDR4
Radeon Pro 580X 8GB VRAM
500 GB Storage
5120 x 2880 Resolution
Bluetooth// WiFi// iMessages// FaceTime
4 USB Ports// Ethernet Port//Headphone port// Two Thunderbolt 3 Ports//SD Card Slot.
If you have any questions. Please contact me. Thank you",desktop,https://images.craigslist.org/00O0O_kPWsiMSFbUg_0so0t2_600x450.jpg,00O0O_kPWsiMSFbUg_0so0t2,Others,0.19760517321180995
67,Apple IMAC 2021 M1,"Apple Refurbished IMAC 2021 - very good condition. Blue color.


8 Core , 16GB M1 Processor.",desktop,https://images.craigslist.org/00f0f_bEqsbp5P32v_0CI0t2_600x450.jpg,00f0f_bEqsbp5P32v_0CI0t2,Tablets,0.2992457092092819
68,"Simbans TangoTab - 10"" Tablet w/Keyboard","Hello. Seeking to trade or sell my 10"" tablet, which has a detachable keyboard. For trades, I am seeking a computer (preferably a notebook or all-in-one, or maybe even a desktop, but not a Chromebook or other tablet) that is of equal value.

Excellent condition. Prefer to use a notebook rather than this. Looks just like the stock photo, but will post the actual photo later or upon request.

Description (below) is from https://www.simbans.com/products/tango-detachable-keyboard


3 BONUS ITEMS and PRE-INSTALLED OFFICE APPS INCLUDED - A high-quality 10 Inch Android tablet comes with a detachable keyboard, a universal power adaptor and a pre-applied screen protector included in the box. Word, Excel and WPS office pre-installed for all your productivity needs for school or office work.
LOTS of CONNECTIVITY PORTS - The tablet has MORE connectivity ports than any other tablet in the market. Your connectivity options are DUAL BAND WiFi (2.4 GHz or 5 GHz), Full USB-A, Micro-USB, Mini-HDMI, Bluetooth, Inbuilt GPS and Headphone Jack. Connect your tablet to the TV via its mini-HDMI port and view your movies on the large screen.

FASTER RAM and BIGGER STORAGE - This is the NEWEST version of TangoTab with 4GB of DDR4 RAM which is 50% faster than others. 64GB of storage makes it easy for you to store all your important files, songs, pictures on the tablet. The storage can be expended further with 128GB of micro-SD card.

HIGH RESOLUTION SCREEN - The IPS HD screen resolution makes pictures and videos crystal clear. A certified version of Play Store is pre-installed for you to download all your favourite apps like Netflix, Zoom, Facebook, Spotify etc.",tablet,https://images.craigslist.org/00i0i_3BZit5n8SRl_0oc0np_600x450.jpg,00i0i_3BZit5n8SRl_0oc0np,Others,0.1993202827037125
69,"15.6â€ Dell Latitude 5540 with i7 CPU, SSD plus HDD and dedicated Video Card *H","Excellent condition 15.6â€ Dell laptop

Dell Latitude E5540
Can be used for games, office work,
Comes with Windows 11 Pro installed

i7 - 4600u running at 2.70 GHz
8 Gb RAM
128 Gb SSD plus 500 Gb HDD
Dedicated Video Card with 2 Gb Video RAM
(nvidia GeForce GT 720M)

15.6â€ Screen
Very good Battery life
3xUSB
HDMI & VGA
DVD RW
Bluetooth
SD Card reader
Webcam
WiFi
Comes with charger
Pick-up in Glenview

Thank you!",laptops,https://images.craigslist.org/00o0o_hnw5LSkxp1y_0t20CI_600x450.jpg,00o0o_hnw5LSkxp1y_0t20CI,Keyboard,0.2557680483389839
70,"Dell Inspiron 5748 17.3"" Laptop","Dell Inspiron 5748 17.3"" Laptop

$120 Cash and Carry

Fully Functional
Intel i3-4030U 1.9 GHz Processor
8GB Ram
250GB Samsung 860 EVO SSD Hard Drive
DVD+/-RW drive
Intel HD Graphics - 1600x900 Resolution Non-Touch Screen
1280 x 720 (HD) Webcam, Built-in Microphone
802.11 b/g/n Wi-Fi
Bluetooth 4.0
Fast Ethernet
2 x USB 2.0
1x USB 3.0
HDMI Output
Card Reader
Dell 130w Power Supply
Windows 10 Pro

Dimensions:
11.20 x 16.30 x 1.20 Inches",laptops,https://images.craigslist.org/00B0B_8pRbOzPTUHz_0mF0t2_600x450.jpg,00B0B_8pRbOzPTUHz_0mF0t2,Laptops,0.3626712073194544
71,"Apple iMac ""Core i7"" 3.4 27"" (Mid-2011) 16GB 128GB/3TB","ðŸš€ Unleash the Power! ðŸš€

Are you ready to elevate your computing experience? Presenting a true powerhouse â€“ the Apple iMac 27"" (Mid-2011) with an impressive Core i7 processor, a whopping 16GB of RAM, and the perfect blend of storage with a massive 3TB HDD and a lightning-fast 128GB SSD. This sleek and stylish iMac is not just a computer; it's a command center for creativity, productivity, and seamless multitasking.

âš™ï¸ Performance Matters:
Powered by the formidable Core i7 processor, this iMac handles everything from resource-intensive tasks to smooth multitasking with ease. Whether you're a creative professional working on graphic design, video editing, or a gamer seeking immersive experiences, the iMac's processing prowess won't disappoint.

ðŸ’¡ Vivid Display:
Immerse yourself in a crystal-clear, 27-inch display that boasts vibrant colors and sharp details. Whether you're editing photos, watching movies, or browsing the web, the iMac's stunning resolution ensures a visual feast every time.

ðŸ’½ Dual Drive Setup - Speed and Storage:
This iMac is equipped with not one but two drives for unparalleled performance. The spacious 3TB HDD provides ample storage for your movies, music, and files, while the 128GB SSD ensures lightning-fast boot times and swift application launches. It's the perfect synergy of speed and storage.

ðŸš€ Upgraded RAM for Seamless Multitasking:
Experience smooth multitasking and efficient performance with the upgraded 16GB of RAM. Run multiple applications simultaneously, switch between tasks effortlessly, and enjoy a seamless computing experience.

ðŸŒŸ Excellent Condition:
This iMac is not just a powerhouse; it's also meticulously maintained and in excellent condition. The sleek aluminum body complements any workspace, and the entire system has been thoroughly cleaned and tested to ensure optimal performance.

ðŸ”§ Tech Specs:

Processor: Core i7
RAM: 16GB
Storage: 3TB HDD + 128GB SSD
Display: 27-inch

ðŸ”’ Secure Your Deal:
Don't miss the chance to own this high-performance iMac. Upgrade your computing experience today! Contact me now to secure your deal and take the first step towards a faster, more efficient, and enjoyable computing journey.",desktop,https://images.craigslist.org/00909_lNoU5rManXT_0CI0t2_600x450.jpg,00909_lNoU5rManXT_0CI0t2,Keyboard,0.2520532090669808
72,Macbook Air 2013 (MacOS Big Sur),"MacBook Air 13â€ (mid 2013)

Processor : 1.3 GHz Dual Core Intel Core i5
Memory : 4 GB 1600 MHz DDR3
Graphics: Intel HD Graphics 5000 1536MB

Hard Drive : 128GB SSD

Excellent condition.

If you see this is still available. Text me if interested. No trades, cash at pickup only",laptops,https://images.craigslist.org/00f0f_6FE5kJp3FgS_0t10CI_600x450.jpg,00f0f_6FE5kJp3FgS_0t10CI,Laptop & Accessories,0.2602782162902346
73,"Apple 14"" MacBook Pro A2442 2021 Space Gray M1 PRO 16GB RAM 512GB SSD","Powerhouse Performance: The Apple A2442 MacBook Pro contains the blazing-fast M1 Pro chip. With up to 3.7x faster CPU performance and up to 13x faster GPU performance than the previous generation, you can fly through pro workflows with ease.

Immersive Display: The 14-inch Liquid Retina XDR display delivers the stunning visuals; with extreme dynamic range and wide color support, you'll experience images and videos with incredible realism and detail.

Pro Ports: The Apple A2442 MacBook Pro features a wide range of pro ports, including Thunderbolt 4, HDMI, and SD card slot. So you can easily connect to all your essential devices and displays.

Features

M1 Pro chip with 8-core CPU and 14-core GPU

14-inch Liquid Retina XDR display with extreme dynamic range and wide color support

16GB of unified memory

512GB of SSD storage

Thunderbolt 4 ports, HDMI port, SD card slot, and MagSafe 3 charging port

Condition

This MacBook Pro is in excellent condition. It has been well-cared for and shows minimal signs of wear. The display is free of any scratches or blemishes, and the keyboard and trackpad are in perfect working condition",laptops,https://images.craigslist.org/00h0h_frIygTEY8l9_0jP0fm_600x450.jpg,00h0h_frIygTEY8l9_0jP0fm,Printers,0.2001938701329598
74,2011 iMac,"Selling as is

No cracks or water damage

No cords ect included

Evanston pick up

Drew @ 773-951-615nine",desktop,https://images.craigslist.org/00h0h_gPILKUWSov4_0CI0t2_600x450.jpg,00h0h_gPILKUWSov4_0CI0t2,Keyboard,0.21045658357240332
75,2011 iMac,"Selling as is

No cracks or water damage

No cords ect included

Evanston pick up

Drew @ 773-951-615nine",desktop,https://images.craigslist.org/00h0h_gPILKUWSov4_0CI0t2_600x450.jpg,00h0h_gPILKUWSov4_0CI0t2,Keyboard,0.21045658357240332
76,2011 IMac,"As is

No water damage or cracks

Evanston pick up

Cash only",monitor,https://images.craigslist.org/00h0h_gPILKUWSov4_0CI0t2_600x450.jpg,00h0h_gPILKUWSov4_0CI0t2,Keyboard,0.21045658357240332
77,2011 IMac,"As is

No water damage or cracks

Evanston pick up

Cash only",monitor,https://images.craigslist.org/00h0h_gPILKUWSov4_0CI0t2_600x450.jpg,00h0h_gPILKUWSov4_0CI0t2,Keyboard,0.21045658357240332
78,HP Probook 450,Intel Core i5,laptops,https://images.craigslist.org/00S0S_cqxYQGDyuY4_0t20CI_600x450.jpg,00S0S_cqxYQGDyuY4_0t20CI,Others,0.18514201484540613
79,HP ProBook 640,"HP ProBook 640 laptop with a clean install

Intel Core i5 - 4200M
CPU @ 2.50GHz
RAM 8.00GB
64-bit Operating system
320GB hard drive

Windows 10 Pro
Version 22H2

Everything works fine with the exception of charging of the battery. The laptop will not charge the battery at all and itâ€™s not a battery issue. Thatâ€™s why itâ€™s at this price

$60 OBO",laptops,https://images.craigslist.org/00W0W_190ZwTPWG9n_0lM0t2_600x450.jpg,00W0W_190ZwTPWG9n_0lM0t2,Keyboard,0.3985654941992899
80,HP EliteBook 850 G2 Intel i7 @ 2.6Ghz 16GB 240G SSD Win 11,"Up for sale we have a HP Hewlett Packard EliteBook 850 G2 laptop with a 15.6"" screen, Intel i7-5600u processor running at 2.6Ghz, 16GB DDR3 memory, 240GB SSD hard drive. Comes with a built in web cam and backlit keyboard.

Comes fully cleaned and tested and loaded with Microsoft Windows 11 Professional and Libre Office.

Comes with good battery and genuine HP ac adapter / charger.

Comes with 30 day warranty!
Serial number is 5CG5250X1N",laptops,https://images.craigslist.org/00505_kjqiQCsseAB_0CI0t2_600x450.jpg,00505_kjqiQCsseAB_0CI0t2,Others,0.14623324088328685
81,"IBM ThinkPad Touch Screen T440s 14"" Intel i5@2.7Gh 8GB DDR3 512GB SSD","Up for sale is an IBM Lenovo ThinkPad T440s 14"" touch screen laptop with an Intel i5-4300U processor running at 2.1 to 2.7Ghz, 8GB DDR3 512GB SSD hard drive. Built in web cam and backlit keyboard.

Comes fully cleaned and tested and loaded with Microsoft Windows 11 Professional and Libre Office.

Comes with dual batteries and genuine IBM / Lenovo ac adapter / charger.

Comes with 30 day warranty!
Serial number is PF-018DR2 14/04",laptops,https://images.craigslist.org/01515_6VJ6UOZk8a4_0CI0t2_600x450.jpg,01515_6VJ6UOZk8a4_0CI0t2,Desktop,0.2266718682554128
82,HP Pavilion ALL-In-One Desktop Computer,"HP Pavilion All-In-One Desktop 23 xw Model-300-221 Touch Screen Product Number: NOA45AA Serial Number : 3CR53611R7
Windows 10 Home Ram 4.00 GB 64-bit Operating System, x64-based processor Intel (R) 3805U @ 1.90 GHz Serial Product ID: 00325-80216-37737-AAOEM
PC includes a HP S6500 Wireless Speaker with instruction manual included!",desktop,https://images.craigslist.org/00c0c_kim860rm0mU_0f70f7_600x450.jpg,00c0c_kim860rm0mU_0f70f7,Others,0.16218378432219638
83,Alienware Gaming laptop,"Used Alienware 17 gaming laptop for sale, it shows signs of wear , few small scratches overall fair condition, battery lasts about 45 min Must pick up and pay cash or zelle. Windows 8.1 Pro 1TB hard drive, 8GB RAM , 2GB Nvidia GTX 765M",laptops,https://images.craigslist.org/00z0z_jraSFu9kCOY_0t20CI_600x450.jpg,00z0z_jraSFu9kCOY_0t20CI,Keyboard,0.20156113627142086
84,Slim HP Black Wired Keyboard KU-0841,Pre-owned but excellent condition slim black HP wired keyboard with all keys complete and working. No chips or broken parts. See pictures...,keyboard,https://images.craigslist.org/01212_9062NxBH1Uu_0uY0ej_600x450.jpg,01212_9062NxBH1Uu_0uY0ej,Keyboard,0.2570870231162652
85,2017 MSI gaming laptop,"Gaming laptop for parts or repair
Does not turn on
No charger included
1TB hard drive
16GB RAM
6GB Nvidia GTX1060",laptops,https://images.craigslist.org/00q0q_1FvouTXVCse_0CI0t2_600x450.jpg,00q0q_1FvouTXVCse_0CI0t2,Printers,0.2574783978298545
86,"Samsung Notebook NP300E5E Intel Celeron, 2 extra batteries & stand","Samsung Notebook NP300E5E Intel Celeron, 2 extra batteries & stand. Works great, but the hinges are almost done.(see pics) includes charging cable)

You can find the detailed specs here

https://laptoping.com/samsung-np300e5e-a01us-overview.html

CASH ONLY,PICK UP ONLY LOAD N' GO!!!",laptops,https://images.craigslist.org/01313_fifkDj9TJKhz_0cO08w_600x450.jpg,01313_fifkDj9TJKhz_0cO08w,Laptops,0.22596516074190537
87,LG MONITOR 19â€ inch,Works perfect donâ€™t use any more.,monitor,https://images.craigslist.org/00b0b_8nya1Bhvxns_0CI0t2_600x450.jpg,00b0b_8nya1Bhvxns_0CI0t2,Others,0.16208725780062455
